slug,image,title,description,source
jp-daikin-ar40zsp,jp-daikin-ar40zsp.png,Japan: Daikin AR40ZSP Air Conditioner Outdoor Unit,"DAIKIN outdoor unit, model AR40ZSP. Outdoor unit paired with the 4.0 kW risora S Series room air conditioner. The referenced specification image covers 4.0 kW to 7.1 kW outdoor units.",https://www.ac.daikin.co.jp/roomaircon/products/f_series/spec
jp-daikin-an40zsp-f,jp-daikin-an40zsp-f.jpg,Japan: Daikin AN40ZSP-F Air Conditioner,"DAIKIN risora S Series wall-mounted room air conditioner, model AN40ZSP-F. Fabric White. 2022 model for about 14 tatami mats, 4.0 kW, single-phase 200V.",https://biccamera.rakuten.co.jp/item/2919200050525/?variantId=2919200050525
jp-daikin-ar22zss,jp-daikin-ar22zss.png,Japan: Daikin AR22ZSS Air Conditioner Outdoor Unit,"DAIKIN outdoor unit, model AR22ZSS. Outdoor unit paired with the 2.2 kW risora S Series room air conditioner. The referenced specification image covers 2.2 kW to 3.6 kW outdoor units.",https://www.ac.daikin.co.jp/roomaircon/products/f_series/spec
jp-daikin-an22zss-f,jp-daikin-an22zss-f.jpg,Japan: Daikin AN22ZSS-F Air Conditioner,"DAIKIN risora S Series wall-mounted room air conditioner, model AN22ZSS-F. Fabric White. 2022 model for about 6 tatami mats, 2.2 kW, single-phase 100V.",https://online.nojima.co.jp/commodity/1/2810000093357/
jp-sharp-es-s7g-nl,jp-sharp-es-s7g-nl-pink-gold-left-hinge.jpeg,Japan: Sharp ES-S7G-NL Washing Machine,"SHARP front load washer, model ES-S7G-NL. Pink Gold Left Hinge (opens to the left).",https://pi-chiku-park.com/product/detail/sku/403954023
jp-sharp-cv-p60-w,jp-sharp-cv-p60-w.jpg,Japan: Sharp CV-P60-W Dehumidifier,"SHARP clothes drying dehumidifier, model CV-P60-W.",https://www.sharp.co.jp/joshitsu/products/cvp60/
jp-sharp-re-tm18-w,jp-sharp-re-tm18-w.jpg,Japan: Sharp RE-TM18-W Microwave,"SHARP 18L turntable solo microwave oven, model RE-TM18-W. White.",https://jp.sharp/range/products/retm18/
jp-sharp-sj-gd15j-w,jp-sharp-sj-gd15j-w.jpg,Japan: Sharp SJ-GD15J-W Refrigerator,"SHARP 152L two-door refrigerator, model SJ-GD15J-W. White.",https://www.sofmap.com/product_detail.aspx?sku=23934581
jp-sony-xrj-85x95j,jp-sony-xrj-85x95j.jpg,Japan: Sony XRJ-85X95J TV,"Sony BRAVIA X95J series 85V 4K LCD TV, model XRJ-85X95J.",https://www.sony.jp/bravia/products/XRJ-X95J/
